scenario,group,n_runs_cf,n_runs_vercel,n_requests_cf_synth,n_requests_vercel_synth,cf_mean_run,vercel_mean_run,d_run_level,d_run_level_interp,d_request_synth,d_request_synth_interp,inflation_factor,artifact_confirmed,synth_note,d_request_true,d_request_true_interp
warm-performance,jan2026-baseline,7,7,7000,7000,46.09588542824263,96.19598503265158,17.563810818327173,large,5.652569805843314,large,3.1072258143845795,True,d_request_synth uses log-normal reconstruction from k6 summary percentiles (rawLatencies[]=empty). Demonstrates aggregation artifact; not a substitute for raw trace analysis.,,
load-test,jan2026-baseline,5,5,5000,5000,39.86879997201167,96.32539476122994,27.228701371821405,large,5.409883805935292,large,5.033139776855882,True,d_request_synth uses log-normal reconstruction from k6 summary percentiles (rawLatencies[]=empty). Demonstrates aggregation artifact; not a substitute for raw trace analysis.,,
burst-test,jan2026-baseline,6,6,6000,6000,39.795527580079096,52.263860251316885,0.6669702201247236,medium,0.5894354474113682,medium,1.131540736231365,False,d_request_synth uses log-normal reconstruction from k6 summary percentiles (rawLatencies[]=empty). Demonstrates aggregation artifact; not a substitute for raw trace analysis.,,
burst,ap-southeast-1/live,3,3,3000,3000,9.019578821870766,3.1009570412448326,-20.852025183507063,large,-3.552686382585481,large,5.869368398437669,True,d_request_synth uses log-normal reconstruction from k6 summary percentiles (rawLatencies[]=empty). Demonstrates aggregation artifact; not a substitute for raw trace analysis.,-0.5721,medium
burst,ap-southeast-1/mock,3,3,3000,3000,9.665788262609714,3.059754966279788,-23.648107928744643,large,-3.8573035580259782,large,6.130735518478833,True,d_request_synth uses log-normal reconstruction from k6 summary percentiles (rawLatencies[]=empty). Demonstrates aggregation artifact; not a substitute for raw trace analysis.,-1.0594,large
burst,eu-west-1/live,3,3,3000,3000,7.209104568224858,3.5475512647622724,-10.436566710157733,large,-1.8952192531366885,large,5.506785926158497,True,d_request_synth uses log-normal reconstruction from k6 summary percentiles (rawLatencies[]=empty). Demonstrates aggregation artifact; not a substitute for raw trace analysis.,-0.3794,small
burst,eu-west-1/mock,3,3,3000,3000,7.456265764975093,3.5226793119068174,-9.4103640065842,large,-1.8470344029480144,large,5.094850421608016,True,d_request_synth uses log-normal reconstruction from k6 summary percentiles (rawLatencies[]=empty). Demonstrates aggregation artifact; not a substitute for raw trace analysis.,-0.4676,small
burst,local/live,3,3,3000,3000,35.62962031822661,72.45483628165094,48.231522370807205,large,10.033623853819927,large,4.806989286572154,True,d_request_synth uses log-normal reconstruction from k6 summary percentiles (rawLatencies[]=empty). Demonstrates aggregation artifact; not a substitute for raw trace analysis.,1.144,large
burst,local/mock,3,3,3000,3000,39.695330045549255,74.25984528384215,16.253917250044204,large,6.5376385805293085,large,2.4862061507120257,True,d_request_synth uses log-normal reconstruction from k6 summary percentiles (rawLatencies[]=empty). Demonstrates aggregation artifact; not a substitute for raw trace analysis.,1.3518,large
burst,us-east-1/mock,3,3,3000,3000,25.174689962248426,3.45029146650387,-62.28248500171638,large,-2.370004922954708,large,26.27947494896686,True,d_request_synth uses log-normal reconstruction from k6 summary percentiles (rawLatencies[]=empty). Demonstrates aggregation artifact; not a substitute for raw trace analysis.,-1.0893,large
warm,ap-southeast-1/live,3,3,3000,3000,11.603067269636965,2.7537071102310207,-4.9159887051067335,large,-4.569720317014938,large,1.0757745253691997,False,d_request_synth uses log-normal reconstruction from k6 summary percentiles (rawLatencies[]=empty). Demonstrates aggregation artifact; not a substitute for raw trace analysis.,,
warm,ap-southeast-1/mock,3,4,3000,4000,32.25295814257425,3.148181672524751,-1.303068783322584,large,-1.303854266252362,large,0.999397568462896,False,d_request_synth uses log-normal reconstruction from k6 summary percentiles (rawLatencies[]=empty). Demonstrates aggregation artifact; not a substitute for raw trace analysis.,,
warm,eu-west-1/live,3,3,3000,3000,9.741814699009913,2.879051294719472,-8.207381398662628,large,-6.711550254318561,large,1.22287416284808,False,d_request_synth uses log-normal reconstruction from k6 summary percentiles (rawLatencies[]=empty). Demonstrates aggregation artifact; not a substitute for raw trace analysis.,,
warm,eu-west-1/mock,3,3,3000,3000,9.800556266336637,2.8670446336633675,-9.111094321949071,large,-6.819186581389705,large,1.3360969395989593,False,d_request_synth uses log-normal reconstruction from k6 summary percentiles (rawLatencies[]=empty). Demonstrates aggregation artifact; not a substitute for raw trace analysis.,,
warm,local/live,3,3,3000,3000,38.89756597359733,81.07950528052807,35.3974507270489,large,6.090001178556975,large,5.81238815711302,True,d_request_synth uses log-normal reconstruction from k6 summary percentiles (rawLatencies[]=empty). Demonstrates aggregation artifact; not a substitute for raw trace analysis.,,
warm,local/mock,4,3,4000,3000,38.557369430693065,78.72766330033001,10.854194204200589,large,5.099759531729186,large,2.1283737275589214,True,d_request_synth uses log-normal reconstruction from k6 summary percentiles (rawLatencies[]=empty). Demonstrates aggregation artifact; not a substitute for raw trace analysis.,,
warm,us-east-1/mock,3,3,3000,3000,26.410061087128728,2.553784366006601,-3.907964953928389,large,-4.407184350749567,large,0.8867260007545924,False,d_request_synth uses log-normal reconstruction from k6 summary percentiles (rawLatencies[]=empty). Demonstrates aggregation artifact; not a substitute for raw trace analysis.,,
