client,platform,mode,stage,n_requests,mean_ms,p50_ms,p95_ms,p99_ms,std_ms,max_ms
ap-southeast-1,cloudflare,live,ramp_up,3177,13.766,12.991,20.428,28.279,3.804,53.105
ap-southeast-1,cloudflare,live,spike,81839,13.967,12.718,20.391,29.935,28.937,3775.22
ap-southeast-1,cloudflare,live,peak_hold,112917,14.154,12.652,22.024,35.382,31.296,3993.752
ap-southeast-1,cloudflare,live,ramp_down,201350,14.49,12.713,23.116,43.293,25.6,4060.641
ap-southeast-1,cloudflare,live,cooldown,22072,13.271,12.786,20.125,27.52,5.283,210.947
ap-southeast-1,cloudflare,live,other,83,12.342,10.066,26.406,35.166,7.015,37.783
ap-southeast-1,cloudflare,mock,ramp_up,3160,16.915,14.828,26.601,53.077,28.371,1539.338
ap-southeast-1,cloudflare,mock,spike,81443,15.44,14.045,24.538,42.88,17.088,3261.323
ap-southeast-1,cloudflare,mock,peak_hold,112573,15.355,13.647,26.256,47.56,9.122,890.752
ap-southeast-1,cloudflare,mock,ramp_down,199592,15.075,13.541,25.686,47.576,9.094,1119.931
ap-southeast-1,cloudflare,mock,cooldown,21783,14.791,13.754,23.69,38.438,7.296,223.172
ap-southeast-1,cloudflare,mock,other,53,15.674,14.84,22.521,26.357,3.506,29.901
ap-southeast-1,vercel,live,ramp_up,3406,3.84,2.33,8.096,20.78,5.706,201.835
ap-southeast-1,vercel,live,spike,89653,3.504,2.185,8.103,22.016,6.034,471.485
ap-southeast-1,vercel,live,peak_hold,123635,3.611,2.202,10.527,23.682,5.367,295.402
ap-southeast-1,vercel,live,ramp_down,224127,2.967,1.979,7.037,24.148,7.05,221.676
ap-southeast-1,vercel,live,cooldown,25076,2.016,1.913,2.707,6.794,1.274,46.562
ap-southeast-1,vercel,live,other,100,2.316,2.252,2.992,4.787,0.566,6.412
ap-southeast-1,vercel,mock,ramp_up,3487,2.738,2.332,3.849,10.229,10.845,566.137
ap-southeast-1,vercel,mock,spike,90231,3.045,2.284,5.267,15.477,8.133,381.026
ap-southeast-1,vercel,mock,peak_hold,124098,3.669,2.365,10.209,31.486,6.234,151.748
ap-southeast-1,vercel,mock,ramp_down,220346,4.38,2.356,12.535,40.224,13.04,502.82
ap-southeast-1,vercel,mock,cooldown,24616,2.333,2.248,3.083,7.935,1.797,94.279
ap-southeast-1,vercel,mock,other,105,2.03,1.787,2.651,4.364,0.574,4.498
eu-west-1,cloudflare,live,ramp_up,3315,8.018,8.73,12.984,15.286,3.306,32.036
eu-west-1,cloudflare,live,spike,86491,7.575,7.466,12.184,19.889,4.431,164.7
eu-west-1,cloudflare,live,peak_hold,118863,7.858,7.049,14.358,29.674,6.118,317.257
eu-west-1,cloudflare,live,ramp_down,213038,8.261,5.921,14.996,45.829,16.193,715.747
eu-west-1,cloudflare,live,cooldown,23817,6.518,5.41,11.103,14.872,3.27,169.193
eu-west-1,cloudflare,live,other,90,7.493,7.45,11.412,12.412,2.756,14.768
eu-west-1,cloudflare,mock,ramp_up,3302,8.358,8.618,12.146,15.116,2.606,27.686
eu-west-1,cloudflare,mock,spike,86226,7.987,7.997,12.056,18.427,4.321,237.082
eu-west-1,cloudflare,mock,peak_hold,118789,7.96,7.408,14.698,29.533,5.695,211.753
eu-west-1,cloudflare,mock,ramp_down,215399,7.028,5.492,13.089,28.332,6.092,225.802
eu-west-1,cloudflare,mock,cooldown,23569,6.759,5.183,11.883,21.715,4.787,115.149
eu-west-1,cloudflare,mock,other,81,5.478,4.255,9.497,10.377,2.178,10.957
eu-west-1,vercel,live,ramp_up,3605,2.741,2.609,3.047,5.056,1.959,110.312
eu-west-1,vercel,live,spike,91043,3.135,2.648,4.531,12.025,3.873,153.603
eu-west-1,vercel,live,peak_hold,123920,4.703,2.752,13.655,38.395,8.821,205.237
eu-west-1,vercel,live,ramp_down,219129,4.459,2.729,12.724,35.612,8.305,302.29
eu-west-1,vercel,live,cooldown,24020,2.881,2.633,3.243,7.456,3.299,229.097
eu-west-1,vercel,live,other,71,2.722,2.636,3.139,3.737,0.296,4.694
eu-west-1,vercel,mock,ramp_up,3584,2.918,2.633,3.061,5.676,6.28,288.282
eu-west-1,vercel,mock,spike,89917,3.665,2.644,5.124,24.946,9.616,376.522
eu-west-1,vercel,mock,peak_hold,122626,4.742,2.768,13.184,40.292,9.025,245.855
eu-west-1,vercel,mock,ramp_down,220591,4.363,2.739,12.729,33.792,6.886,264.932
eu-west-1,vercel,mock,cooldown,24431,2.769,2.614,3.144,7.087,1.207,49.788
eu-west-1,vercel,mock,other,90,2.634,2.663,2.868,3.022,0.164,3.286
local,cloudflare,live,ramp_up,2575,37.545,36.576,47.177,82.848,11.034,166.781
local,cloudflare,live,spike,66506,39.439,37.109,47.685,98.791,29.946,2327.356
local,cloudflare,live,peak_hold,92962,38.38,36.387,46.199,74.972,37.046,4462.702
local,cloudflare,live,ramp_down,168110,38.543,36.229,46.019,89.265,33.314,2203.014
local,cloudflare,live,cooldown,18527,37.764,37.069,47.395,72.858,8.657,188.444
local,cloudflare,live,other,78,35.675,32.378,47.883,54.314,7.056,65.933
local,cloudflare,mock,ramp_up,2641,39.047,38.942,48.033,63.649,7.061,99.76
local,cloudflare,mock,spike,67953,37.78,36.598,46.982,72.679,10.627,1133.509
local,cloudflare,mock,peak_hold,92067,40.465,36.646,47.027,92.46,54.81,3860.475
local,cloudflare,mock,ramp_down,167531,38.291,36.464,46.373,76.165,30.886,4272.007
local,cloudflare,mock,cooldown,18567,36.878,36.269,45.865,52.692,6.748,364.651
local,cloudflare,mock,other,68,37.472,37.401,43.439,51.478,5.354,61.441
local,vercel,live,ramp_up,1986,77.702,73.838,91.449,188.494,26.453,636.048
local,vercel,live,spike,52555,76.625,73.801,92.052,132.805,15.296,808.708
local,vercel,live,peak_hold,73418,75.4,73.676,85.235,111.569,10.412,597.582
local,vercel,live,ramp_down,131076,77.552,73.602,89.044,156.142,47.029,6954.679
local,vercel,live,cooldown,14424,75.769,73.694,87.155,117.372,12.427,546.65
local,vercel,live,other,58,74.417,72.484,83.538,110.506,9.7,134.205
local,vercel,mock,ramp_up,2011,78.116,74.704,90.951,144.64,25.007,689.644
local,vercel,mock,spike,52138,77.203,74.444,91.075,128.279,14.639,1185.985
local,vercel,mock,peak_hold,72512,76.93,74.28,90.513,124.568,13.446,549.288
local,vercel,mock,ramp_down,132350,76.469,74.168,87.987,120.588,12.334,681.038
local,vercel,mock,cooldown,14530,77.651,74.482,97.169,128.873,15.494,671.084
local,vercel,mock,other,68,74.144,73.62,78.592,94.354,6.548,122.144
us-east-1,cloudflare,mock,ramp_up,3153,15.623,15.51,18.691,20.971,2.411,87.312
us-east-1,cloudflare,mock,spike,81296,14.988,14.466,18.794,25.344,3.419,134.206
us-east-1,cloudflare,mock,peak_hold,110825,16.249,14.363,24.34,55.507,10.983,285.291
us-east-1,cloudflare,mock,ramp_down,199019,15.395,14.25,21.185,38.529,8.504,304.283
us-east-1,cloudflare,mock,cooldown,21683,15.023,14.624,18.713,26.623,3.711,143.928
us-east-1,cloudflare,mock,other,63,16.24,15.881,19.364,25.872,2.74,31.708
us-east-1,vercel,mock,ramp_up,3527,2.563,2.206,3.277,8.084,3.273,91.298
us-east-1,vercel,mock,spike,89957,3.872,2.188,6.418,52.275,11.217,262.812
us-east-1,vercel,mock,peak_hold,124446,3.853,2.315,10.932,29.637,6.788,246.643
us-east-1,vercel,mock,ramp_down,218146,5.041,2.297,16.087,49.873,14.43,459.915
us-east-1,vercel,mock,cooldown,24268,2.741,2.146,4.246,16.101,3.92,162.509
us-east-1,vercel,mock,other,74,2.317,2.233,2.639,4.907,0.533,5.62
