region,ramp,platform,n,avg_mean,avg_std,ci_lo,ci_hi,ratio_cf_vc,variance_diff
local,slow,CF Workers,3,37.5,0.69,36.9,38.2,0.49,1.35
local,slow,Vercel Edge,3,75.8,0.51,75.3,76.3,0.49,1.35
local,fast,CF Workers,3,38.0,3.87,35.4,42.4,0.5,2.32
local,fast,Vercel Edge,3,76.7,1.67,75.6,78.6,0.5,2.32
local,normal,CF Workers,6,39.2,1.24,38.4,40.2,0.52,0.57
local,normal,Vercel Edge,6,75.5,2.19,74.0,77.0,0.52,0.57
eu-west-1,slow,CF Workers,3,8.3,0.3,8.0,8.5,1.28,15.0
eu-west-1,slow,Vercel Edge,3,6.5,0.02,6.5,6.5,1.28,15.0
eu-west-1,fast,CF Workers,3,7.3,0.34,7.0,7.6,2.15,0.46
eu-west-1,fast,Vercel Edge,3,3.4,0.74,2.8,4.2,2.15,0.46
eu-west-1,normal,CF Workers,6,7.5,0.47,7.1,7.8,1.92,1.09
eu-west-1,normal,Vercel Edge,6,3.9,0.43,3.5,4.2,1.92,1.09
ap-southeast-1,slow,CF Workers,3,20.5,1.4,19.5,22.1,3.25,8.24
ap-southeast-1,slow,Vercel Edge,3,6.3,0.17,6.1,6.4,3.25,8.24
ap-southeast-1,fast,CF Workers,3,14.5,0.48,14.1,15.0,3.3,0.23
ap-southeast-1,fast,Vercel Edge,3,4.4,2.05,2.3,6.3,3.3,0.23
ap-southeast-1,normal,CF Workers,6,12.4,3.06,10.4,14.5,3.65,5.88
ap-southeast-1,normal,Vercel Edge,6,3.4,0.52,3.1,3.8,3.65,5.88
