scenario,client,platform,mode,n_runs,avg_mean_ms,avg_ci95_low,avg_ci95_high,p95_mean_ms,p95_ci95_low,p95_ci95_high,shapiro_W,shapiro_p
burst,ap-southeast-1,cloudflare,live,3,9.019578821870766,8.691837012302726,9.325194256466556,12.70606603333333,12.405162600000002,13.135172699999993,0.9963519809722322,0.8845764755112409
burst,ap-southeast-1,cloudflare,mock,3,9.665788262609714,9.33308829591133,9.888320733157597,13.566084049999999,13.130319,13.820350699999993,0.8943681518534745,0.36779289079097444
burst,ap-southeast-1,vercel,live,3,3.1009570412448326,2.901306683219436,3.3756582673977302,5.0751128,4.6916992,5.543135599999999,0.9301472226951981,0.4891609881933666
burst,ap-southeast-1,vercel,mock,3,3.059754966279788,2.8527796500108535,3.3575805617879495,5.030387716666654,4.776626499999974,5.298326949999993,0.9114355387669901,0.4228873505588786
burst,eu-west-1,cloudflare,live,3,7.209104568224858,6.9425579885340225,7.734755829966933,11.858572733333332,11.393677799999999,12.443014199999999,0.7570448640065268,0.015610508842992754
burst,eu-west-1,cloudflare,mock,3,7.456265764975093,6.918125401594484,7.937460835210842,12.050796633333329,11.568592,12.458368099999992,0.9907241137997458,0.8157732078525249
burst,eu-west-1,vercel,live,3,3.5475512647622724,3.366063864048,3.7575710737180787,5.954895016666664,5.30379115,7.224865099999998,0.9843161316634571,0.7601886171924295
burst,eu-west-1,vercel,mock,3,3.5226793119068174,3.221255782223482,3.811674420098933,6.044561233333333,5.151731199999999,7.660362799999999,0.9986724339225274,0.9303973796004674
burst,local,cloudflare,live,3,35.62962031822661,34.99976123780108,36.078987282958586,42.13386333333333,41.649750000000004,43.057500000000005,0.922585960107916,0.46150600643386686
burst,local,cloudflare,mock,3,39.695330045549255,38.51738948577709,41.35581624015539,47.847495,47.29828999999999,48.16822,0.9202131889554702,0.4530861916311474
burst,local,vercel,live,3,72.45483628165094,71.39089003016518,73.02274575255107,76.72151666666667,75.34809999999999,79.34755000000001,0.7829657549567623,0.07445003419018237
burst,local,vercel,mock,3,74.25984528384215,72.69562213664435,77.28258127966838,84.66099333333331,81.309325,90.85333499999997,0.7672749840772983,0.0385566084910578
burst,us-east-1,cloudflare,mock,3,25.174689962248422,24.77389221666952,25.39668999760764,42.35899439999999,41.865817500000006,42.64332039999999,0.8017584835828977,0.11870332180088694
burst,us-east-1,vercel,mock,3,3.45029146650387,3.162822457698524,3.8397988727857064,6.805292100000003,6.169715200000003,7.968163100000002,0.9361932063847571,0.5122858588746145
cold,ap-southeast-1,cloudflare,mock,1,11.4182916,11.4182916,11.4182916,17.302777399999997,17.302777399999997,17.302777399999997,,
cold,ap-southeast-1,vercel,mock,1,17.6458254,17.6458254,17.6458254,26.6172036,26.6172036,26.6172036,,
cold,eu-west-1,cloudflare,mock,1,9.5523382,9.5523382,9.5523382,15.399592599999998,15.399592599999998,15.399592599999998,,
cold,eu-west-1,vercel,mock,1,54.2174766,54.2174766,54.2174766,176.05886299999997,176.05886299999997,176.05886299999997,,
cold,local,cloudflare,mock,1,60.89095999999999,60.89095999999999,60.89095999999999,153.29655999999997,153.29655999999997,153.29655999999997,,
cold,local,vercel,mock,1,279.65502,279.65502,279.65502,393.6033,393.6033,393.6033,,
cold,us-east-1,cloudflare,mock,1,17.2789794,17.2789794,17.2789794,25.124412999999997,25.124412999999997,25.124412999999997,,
cold,us-east-1,vercel,mock,1,16.8545188,16.8545188,16.8545188,24.1162274,24.1162274,24.1162274,,
warm,ap-southeast-1,cloudflare,live,3,11.603067269636965,9.5500936089109,14.365755123762378,15.288843416666666,12.175492499999999,18.6492005,0.9388267195355414,0.522676364459804
warm,ap-southeast-1,cloudflare,mock,3,32.25295814257425,10.867621220792081,72.99900854059403,53.080178,13.8823236,129.5200031,0.7744128252804463,0.05477474899309531
warm,ap-southeast-1,vercel,live,3,2.7537071102310207,2.3816120376237575,3.3887418712871287,2.8708249499999994,2.5612576,3.060864449999999,0.8302299693633595,0.18891599617482413
warm,ap-southeast-1,vercel,mock,4,3.148181672524751,2.6121302460396025,3.919025242079208,3.0870790374999992,2.814085612499999,3.398274249999999,0.8586681640606181,0.2554855383951989
warm,eu-west-1,cloudflare,live,3,9.741814699009913,8.956919738613866,11.070904225742597,11.7589465,11.091061999999999,13.03292285,0.834164415981006,0.19897023198184172
warm,eu-west-1,cloudflare,mock,3,9.800556266336637,9.091656219801987,11.037179541584154,11.890417183333332,10.987020249999995,13.244036249999999,0.8191821590575968,0.16116597789612608
warm,eu-west-1,vercel,live,3,2.879051294719472,2.614202131683168,3.091521055445544,2.966197633333333,2.875776699999999,3.0677685999999995,0.9651331852016471,0.6412729230212053
warm,eu-west-1,vercel,mock,3,2.8670446336633675,2.811986999009904,2.9232785594059423,2.9500739166666663,2.7920372499999995,3.05253295,0.9996649721729757,0.9650404308974215
warm,local,cloudflare,live,3,38.89756597359733,37.68438762376233,40.33697910891085,41.361385,40.151775,42.43951,0.9786438025870298,0.719894650361084
warm,local,cloudflare,mock,4,38.557369430693065,34.696672178217824,42.41806668316831,44.772792499999994,40.619588749999984,48.8113475,0.7786509769255837,0.06912150905448688
warm,local,vercel,live,3,81.07950528052807,79.90052633663369,81.68296881188118,103.62244333333331,102.879645,104.592765,0.761756819806237,0.026137266616313548
warm,local,vercel,mock,3,78.72766330033001,76.72029970297032,80.87424415841578,100.69603666666664,96.82544,104.39182999999998,0.9966416567036469,0.8892592891815448
warm,us-east-1,cloudflare,mock,3,26.410061087128728,20.965676115841582,36.36348601584162,31.732005366666666,26.2181745,40.92013195,0.7953807115024789,0.1035176620325452
warm,us-east-1,vercel,mock,3,2.553784366006601,2.4475320079207923,2.6244843584158413,3.383972583333332,3.199336949999998,3.5185725999999975,0.8919807686621248,0.3604122485733894
